Text,True Label,Predicted Label,Model Score
A free market economy is the best way to ensure economic growth and innovation.,0,Right,0.0006
Reducing government spending on social programs will encourage personal responsibility and self-reliance.,0,Right,0.0006
Deregulation is crucial to promote free market competition and innovation.,0,Right,0.0007
Lowering taxes on businesses will lead to job creation and economic expansion.,0,Right,0.0007
Privatizing healthcare can lead to more efficient and innovative services.,0,Right,0.0007
Promoting free trade can enhance economic growth and consumer choice.,0,Right,0.0007
Promoting traditional values is essential for maintaining social order.,0,Right,0.0007
Reducing regulations on businesses will enhance economic growth and job creation.,0,Right,0.0007
Reducing welfare programs will encourage personal responsibility and economic independence.,0,Right,0.0007
Privatizing public services can lead to greater efficiency and cost savings.,0,Right,0.0008
Privatizing public services can lead to more efficient and cost-effective solutions.,0,Right,0.0008
Traditional family values should be upheld to maintain social order and stability.,0,Right,0.0008
Minimal state intervention is key to preserving individual liberties and economic freedom.,0,Right,0.0011
Lowering taxes on capital gains will encourage investment and economic growth.,0,Right,0.0013
Reducing the size of government is necessary to limit overreach and preserve individual freedoms.,0,Right,0.0013
Lowering taxes on businesses will spur investment and create jobs.,0,Right,0.0014
Cutting welfare programs is necessary to encourage personal responsibility and reduce dependency on the state.,0,Right,0.0016
Reducing government oversight will promote business innovation and efficiency.,0,Right,0.0018
Reducing regulations on small businesses can spur entrepreneurship and job creation.,0,Right,0.0035
Minimal government regulation is essential for a thriving free market economy.,0,Right,0.0038
A robust national defense is essential to deter potential threats and maintain global stability.,0,Right,0.004
A limited government ensures individual freedoms and economic prosperity.,0,Right,0.0048
A strong national defense is crucial for protecting the nation's interests.,0,Right,0.0051
A strong military ensures national security and supports global stability.,0,Right,0.0055
Reducing taxes on high-income earners will stimulate investment and job creation.,0,Right,0.0056
The free market should be the primary driver of economic decisions to maximize efficiency and innovation.,0,Right,0.0064
A strong military is essential for national security and to protect our interests abroad.,0,Right,0.0124
Traditional values are essential for maintaining a cohesive and stable society.,0,Right,0.0163
Encouraging competition through deregulation can lower prices and improve quality.,0,Right,0.0216
Deregulation of industries promotes competition and innovation.,0,Right,0.0264
Lowering capital gains taxes will boost investment and economic growth.,0,Right,0.028
Free market principles should guide economic policy to promote innovation and efficiency.,0,Right,0.0319
Limiting government spending is crucial to prevent inflation and economic downturns.,0,Right,0.0382
Minimal government intervention in the economy is crucial for fostering innovation and growth.,0,Right,0.0385
Lowering corporate taxes will encourage businesses to reinvest in the economy and create jobs.,0,Right,0.0482
Reducing corporate taxes will increase business investment and job creation.,0,Right,0.052
Lowering income taxes will increase disposable income and boost consumer spending.,0,Right,0.0622
Reducing government debt is critical to prevent economic instability and inflation.,0,Right,0.066
Tax cuts for high-income earners will stimulate investment and economic growth.,0,Right,0.0796
Cutting government spending will reduce the national debt and stimulate the economy.,0,Right,0.0942
Reducing government oversight in businesses will lead to a more dynamic economy.,0,Right,0.097
A strong military budget is necessary to maintain national security and global influence.,0,Right,0.0976
The government should reduce taxes significantly because it will stimulate economic growth and allow businesses to thrive.,0,Right,0.1362
Traditional family structures are fundamental for societal stability and well-being.,0,Right,0.1807
A strong military presence deters adversaries and safeguards national interests.,0,Right,0.2002
Deregulation helps eliminate unnecessary burdens on businesses spurring economic activity.,0,Right,0.2025
A strong national defense budget ensures our country remains a global leader.,0,Right,0.247
Government intervention in the market should be minimal to allow for natural economic cycles.,0,Right,0.2536
Lowering corporate taxes will lead to increased economic activity and employment.,0,Right,0.2714
Encouraging private sector solutions can lead to more effective and efficient public services.,0,Right,0.2867
Empowering states with more control can lead to more effective and tailored governance.,0,Right,0.3195
Tax relief for high-income earners can lead to greater investment in the economy.,0,Right,0.4478
Reducing corporate tax rates will make the economy more competitive globally.,0,Right,0.4865
Tax cuts for corporations will result in increased economic activity and job opportunities.,0,Left,0.5571
Empowering local governments can lead to more responsive and effective policies.,0,Left,0.6809
A strong emphasis on law and order is necessary to maintain public safety.,1,Right,0.0006
Promoting energy independence through domestic production is vital for national security.,1,Right,0.0009
Fiscal responsibility is important because it ensures the government lives within its means.,1,Right,0.001
Promoting energy independence can enhance national security and economic stability.,1,Right,0.001
Efficient government spending is necessary to maximize the impact of taxpayer dollars.,1,Right,0.0012
Promoting energy independence can enhance national security and economic growth.,1,Right,0.0012
Supporting law enforcement agencies is key to maintaining community safety and order.,1,Right,0.0021
Balanced immigration policies should enhance economic growth while maintaining security.,1,Right,0.0041
Balanced fiscal discipline is crucial for long-term economic health and stability.,1,Right,0.0044
Supporting innovation through moderate regulation can enhance economic development.,1,Right,0.0092
Moderate social safety nets should support those in need while encouraging self-reliance.,1,Right,0.0133
Balancing law enforcement with community engagement can enhance public safety and trust.,1,Right,0.0139
Moderate increases in public spending can support growth while maintaining fiscal responsibility.,1,Right,0.0139
Balancing the budget should be a priority to avoid burdening future generations with debt.,1,Right,0.0161
Balancing the budget should be a priority to ensure long-term economic health.,1,Right,0.0167
Supporting entrepreneurship is crucial for economic vitality and innovation.,1,Right,0.0172
Balanced fiscal discipline is crucial for long-term economic health.,1,Right,0.0173
Encouraging technological innovation with balanced policies can drive economic progress.,1,Right,0.0191
Encouraging technological innovation is key to maintaining economic competitiveness.,1,Right,0.0214
Balanced fiscal policies should ensure economic stability and growth.,1,Right,0.0257
Moderate social welfare policies should support those in need while encouraging self-sufficiency.,1,Right,0.0275
Balanced fiscal policies should promote economic stability and sustainable growth.,1,Right,0.0278
Balanced fiscal discipline is crucial for economic resilience and growth.,1,Right,0.0354
Tax incentives for small businesses can boost local economies and job creation.,1,Right,0.0376
Balanced immigration policies can boost the economy while ensuring security.,1,Right,0.0385
Maintaining a balanced budget is essential for economic stability and growth.,1,Right,0.0393
Encouraging balanced trade policies can boost economic growth while protecting domestic interests.,1,Right,0.0406
Encouraging balanced trade policies can boost economic growth while protecting domestic interests.,1,Right,0.0406
Supporting research and development can drive innovation and economic competitiveness.,1,Right,0.0496
Supporting technological advancements through moderate regulation can boost economic growth.,1,Right,0.0506
Promoting balanced trade policies can enhance economic growth and competitiveness.,1,Right,0.0672
Moderate tax incentives can encourage business investment and economic growth.,1,Right,0.0698
Maintaining a balanced budget is crucial to avoid excessive national debt and inflation.,1,Right,0.0753
Moderate regulatory policies can protect consumers without hindering business innovation.,1,Right,0.0819
Moderate regulation can ensure market stability while fostering innovation.,1,Right,0.0862
Supporting small businesses is key to economic resilience and job creation.,1,Right,0.0895
Supporting small businesses is key to economic resilience and job creation.,1,Right,0.0895
Moderate tax policies should aim to enhance revenue without stifling growth.,1,Right,0.0901
Encouraging private sector solutions is key to addressing economic challenges effectively.,1,Right,0.0935
Moderate regulatory policies should ensure market stability and consumer protection.,1,Right,0.0999
Tax incentives for businesses can spur investment and economic expansion.,1,Right,0.1005
Moderate fiscal policies can promote sustainable growth without excessive government intervention.,1,Right,0.1015
Moderate tax incentives can stimulate investment without significantly reducing government revenue.,1,Right,0.1031
Moderate tax cuts can boost consumer spending and economic growth.,1,Right,0.1033
Supporting small businesses is key to a healthy economy and job creation.,1,Right,0.1035
Balanced economic strategies should enhance competitiveness and social welfare.,1,Right,0.1066
Maintaining a surplus budget is important to prepare for future economic challenges.,1,Right,0.1168
Balanced fiscal strategies should promote stability and long-term growth.,1,Right,0.1178
Supporting moderate innovation policies can drive technological advancement and economic growth.,1,Right,0.1204
Supporting moderate innovation policies can drive technological advancement and economic growth.,1,Right,0.1204
Balancing economic growth with fiscal responsibility is essential for long-term prosperity.,1,Right,0.1233
Moderate tax incentives can stimulate investment without reducing government revenue.,1,Right,0.1246
Supporting technological innovation can drive economic growth and improve quality of life.,1,Right,0.1268
Moderate regulation can ensure market stability without stifling innovation.,1,Right,0.1285
Moderate fiscal policies can ensure economic growth and stability.,1,Right,0.1344
Encouraging energy independence through diverse energy sources can enhance security.,1,Right,0.1353
Encouraging moderate tax cuts can boost disposable income and stimulate spending.,1,Right,0.1376
Ensuring public safety through effective law enforcement is crucial for community well-being.,1,Right,0.1386
Tax credits for research and development can drive technological advancements.,1,Right,0.1412
Moderate tax policies should balance revenue generation with economic growth.,1,Right,0.1422
Moderate fiscal policies help maintain economic stability and growth.,1,Right,0.1454
Balanced trade policies should support domestic growth and global integration.,1,Right,0.1493
Encouraging small business development can spur local economic growth.,1,Right,0.1544
Encouraging technological innovation can drive economic growth and improve quality of life.,1,Right,0.1568
Supporting moderate tax reforms can enhance economic efficiency.,1,Right,0.1581
Moderate regulation can balance economic growth with consumer protection.,1,Right,0.1612
Moderate tax incentives can support small business growth without reducing revenue.,1,Right,0.1658
Fiscal responsibility involves prudent spending and investment in growth areas.,1,Right,0.1719
Moderate public health policies should promote wellness while controlling expenditures.,1,Right,0.1758
Moderate labor policies should protect workers while encouraging job creation.,1,Right,0.1802
Moderate fiscal policies can promote economic stability and sustainable growth.,1,Right,0.1821
Moderate environmental policies should protect natural resources while supporting economic activity.,1,Right,0.1829
Balanced fiscal policies should support both economic dynamism and social stability.,1,Right,0.1899
Moderate regulatory policies can protect consumers while fostering economic growth.,1,Right,0.2012
Balanced trade policies should protect domestic industries while promoting global competitiveness.,1,Right,0.203
Moderate fiscal policies can support sustainable economic growth without excessive government spending.,1,Right,0.2054
Promoting moderate tax cuts can stimulate consumer spending and economic expansion.,1,Right,0.2082
Encouraging balanced trade and economic policies can enhance growth and stability.,1,Right,0.212
Moderate fiscal policies can support economic stability and growth.,1,Right,0.213
Supporting balanced innovation policies can drive economic and technological progress.,1,Right,0.215
Promoting moderate tax reforms can simplify the system and improve efficiency.,1,Right,0.2191
Moderate tax cuts can stimulate economic growth without compromising public services.,1,Right,0.2306
Moderate tax reforms should aim to simplify the system while ensuring fairness.,1,Right,0.2447
Supporting moderate fiscal discipline can enhance economic resilience.,1,Right,0.2494
Balanced trade policies should promote economic growth while protecting domestic industries.,1,Right,0.2509
Supporting public-private partnerships can drive innovation in public services.,1,Right,0.2559
Encouraging moderate public investment in technology can drive innovation and economic progress.,1,Right,0.2619
Fiscal responsibility ensures sustainable government spending and economic stability.,1,Center,0.2644
Moderate healthcare reforms can improve access while maintaining fiscal responsibility.,1,Right,0.2716
Supporting moderate increases in public spending can stimulate growth.,1,Right,0.2727
Balanced healthcare policies should ensure quality care while controlling costs.,1,Center,0.2876
Moderate tax policies should aim to stimulate growth while ensuring fairness.,1,Center,0.2908
Encouraging investment in technology can enhance productivity and economic growth.,1,Right,0.2936
Moderate tax reforms can enhance economic efficiency while maintaining essential services.,1,Right,0.2962
A moderate approach to social policies can balance welfare and economic efficiency.,1,Center,0.2969
Moderate education policies should promote both access and quality.,1,Right,0.3068
Moderate public health policies should focus on prevention and cost-effective care.,1,Right,0.3091
Tax deductions for charitable donations encourage philanthropy and community support.,1,Right,0.314
Moderate regulatory policies can protect consumers without stifling innovation.,1,Right,0.3149
Encouraging moderate increases in public investment can stimulate growth.,1,Right,0.3173
Balanced economic policies should aim to enhance both growth and social equity.,1,Center,0.3227
Promoting vocational training can address skill gaps and boost employment opportunities.,1,Right,0.3232
Supporting technological progress can enhance economic growth and quality of life.,1,Right,0.3277
Supporting moderate public investment can stimulate growth and enhance quality of life.,1,Right,0.3287
Supporting small and medium-sized enterprises is key to a resilient economy.,1,Right,0.3287
Supporting moderate innovation policies can drive progress without significant risk.,1,Right,0.3307
Moderate energy policies should promote efficiency and sustainability.,1,Center,0.334
Supporting vocational training can address skill gaps and enhance employment opportunities.,1,Right,0.3427
Supporting moderate labor reforms can protect workers while enhancing economic flexibility.,1,Right,0.3429
Moderate healthcare policies should ensure accessibility while controlling public spending.,1,Right,0.3442
Fiscal responsibility involves managing government spending while promoting growth.,1,Center,0.3489
Promoting energy efficiency can save costs and enhance economic competitiveness.,1,Right,0.3521
Promoting vocational training can address skill gaps and boost employment.,1,Right,0.3537
Supporting community policing can enhance public safety and trust.,1,Right,0.355
Balanced economic policies should aim to enhance growth while ensuring fairness.,1,Center,0.3615
Balancing budget priorities requires careful consideration of both fiscal discipline and social needs.,1,Center,0.3706
Balanced approaches to social services should ensure support without excessive spending.,1,Center,0.3739
Balanced economic policies should aim to enhance both competitiveness and social equity.,1,Center,0.3763
Supporting moderate environmental regulations can protect resources without stifling growth.,1,Right,0.3808
Balanced trade policies should consider both domestic industry protection and global competitiveness.,1,Center,0.3847
Encouraging energy efficiency can reduce costs and enhance economic resilience.,1,Right,0.3857
Investing in cybersecurity is essential to protect national interests and infrastructure.,1,Right,0.3857
Fiscal responsibility involves balancing government spending with economic growth.,1,Center,0.3865
A moderate approach to fiscal policy can balance economic growth with responsible spending.,1,Center,0.388
Supporting balanced labor regulations can protect workers while encouraging job creation.,1,Right,0.3903
Balanced energy policies should promote both sustainability and economic viability.,1,Center,0.395
Maintaining a balanced budget is essential for sustainable economic policy.,1,Center,0.3996
Moderate fiscal policies should balance growth with prudent financial management.,1,Center,0.4021
Moderate healthcare reforms should balance cost control with quality improvement.,1,Center,0.405
Moderate healthcare reforms should balance cost control with quality improvement.,1,Center,0.405
Supporting moderate increases in infrastructure spending can enhance economic growth.,1,Right,0.4062
Balanced labor policies should protect worker rights while encouraging productivity.,1,Center,0.4078
Moderate fiscal strategies should aim to balance growth with responsible spending.,1,Center,0.4122
Promoting vocational education can help align workforce skills with industry needs.,1,Right,0.4132
Balanced economic policies should enhance growth while ensuring fairness.,1,Center,0.4184
Balanced tax policies should consider both revenue needs and economic impact.,1,Center,0.4259
Promoting vocational training can help address skill gaps and boost employment.,1,Right,0.4295
Moderate tax cuts can stimulate economic growth while maintaining essential public services.,1,Right,0.4419
Balanced economic strategies should focus on growth and social equity.,1,Center,0.442
Moderate increases in infrastructure spending can boost economic growth.,1,Right,0.4451
Moderate transportation policies should promote efficiency and sustainability.,1,Center,0.4485
A balanced approach to immigration can benefit both the economy and social cohesion.,1,Center,0.457
Moderate public safety reforms should balance enforcement with community relations.,1,Center,0.4639
Moderate public safety reforms should balance enforcement with community relations.,1,Center,0.4639
Moderate public safety reforms should balance enforcement with community relations.,1,Center,0.4639
Balanced economic strategies should focus on both growth and social equity.,1,Center,0.4664
Moderate fiscal policies should balance economic growth with responsible spending.,1,Center,0.4701
Balanced economic strategies should consider both growth and social equity.,1,Center,0.4767
Balanced healthcare strategies should consider both public health outcomes and economic sustainability.,1,Center,0.4775
Balanced economic policies should foster growth while ensuring equitable opportunities.,1,Center,0.478
Balanced education funding should support both public and private institutions.,1,Center,0.4799
Balanced approaches to public safety should consider both enforcement and prevention.,1,Center,0.4819
Encouraging public-private partnerships can enhance infrastructure development.,1,Right,0.4824
Moderate public safety initiatives should balance enforcement with community engagement.,1,Center,0.4841
Supporting community policing initiatives will enhance public safety and trust.,1,Right,0.4853
Balanced public policies should consider both economic efficiency and social welfare.,1,Center,0.489
Promoting renewable energy can balance economic growth with environmental stewardship.,1,Center,0.4976
Supporting moderate public investment can drive growth and improve living standards.,1,Left,0.5052
Moderate increases in public spending can support essential services and stimulate growth.,1,Left,0.524
Moderate healthcare reforms should focus on improving access and controlling costs.,1,Left,0.5305
Encouraging public-private partnerships can enhance infrastructure and services.,1,Left,0.54
Encouraging public-private partnerships can enhance infrastructure and services.,1,Left,0.54
Balanced economic policies should promote growth and social inclusivity.,1,Center,0.547
Encouraging energy efficiency can reduce costs and environmental impact.,1,Left,0.5521
Moderate social policies can enhance welfare without excessive government intervention.,1,Left,0.5524
Encouraging public-private partnerships can enhance infrastructure and public services.,1,Left,0.5627
Moderate environmental regulations can protect resources while supporting economic growth.,1,Left,0.5681
Moderate increases in public investment can enhance infrastructure and quality of life.,1,Left,0.5986
Moderate approaches to social programs can provide support without encouraging dependency.,1,Left,0.6012
Supporting moderate public health initiatives can improve wellness and economic productivity.,1,Left,0.6102
Moderate social policies can enhance welfare without burdening the economy.,1,Left,0.6156
Promoting energy efficiency can reduce costs and enhance economic resilience.,1,Left,0.6219
Moderate transportation policies should improve efficiency and reduce environmental impact.,1,Left,0.642
Encouraging infrastructure development can enhance economic resilience and efficiency.,1,Left,0.6572
Supporting moderate increases in minimum wage can boost income without harming employment.,1,Left,0.6618
Promoting technical education can boost employment and meet industry needs.,1,Left,0.6745
Balanced economic policies should promote growth and reduce inequality.,1,Left,0.7441
Encouraging sustainable practices through moderate regulation can benefit the economy.,1,Left,0.7507
Encouraging sustainable practices through moderate regulation can benefit the economy.,1,Left,0.7507
Encouraging balanced urban development can enhance economic and social outcomes.,1,Left,0.7932
Encouraging balanced urban development can enhance economic and social outcomes.,1,Left,0.7932
Supporting renewable energy research can drive innovation and environmental benefits.,1,Left,0.8078
Moderate social programs should provide a safety net without creating dependency.,1,Left,0.8133
Encouraging sustainable agriculture can enhance food security and economic growth.,1,Left,0.8207
Providing tax incentives for renewable energy can drive innovation and sustainability.,1,Left,0.8256
Moderate approaches to social services should ensure support without excessive expenditure.,1,Left,0.8291
Encouraging sustainable business practices can benefit both the economy and the environment.,1,Left,0.8353
Moderate increases in renewable energy investment can enhance sustainability.,1,Left,0.8502
Supporting infrastructure development is key to economic growth and efficiency.,1,Left,0.8508
Supporting infrastructure development is key to economic growth and efficiency.,1,Left,0.8508
Moderate labor policies should ensure fair wages and job creation.,1,Left,0.8509
Moderate increases in minimum wage can improve living standards without harming employment.,1,Left,0.862
Supporting agricultural subsidies can help stabilize food prices and support farmers.,1,Left,0.8704
Supporting infrastructure development is key to economic growth and quality of life.,1,Left,0.8921
Moderate social programs should provide safety nets without creating dependency.,1,Left,0.8977
Encouraging moderate economic reforms can enhance competitiveness and inclusivity.,1,Left,0.9063
Encouraging moderate economic reforms can enhance competitiveness and inclusivity.,1,Left,0.9063
Encouraging moderate economic reforms can enhance efficiency and inclusivity.,1,Left,0.9068
Promoting balanced environmental regulations can protect ecosystems and support economic activity.,1,Left,0.9103
Supporting moderate increases in social investment can reduce disparities and promote stability.,1,Left,0.9144
Supporting infrastructure projects is key to economic growth and resilience.,1,Left,0.9189
Supporting balanced education funding can promote equal opportunities and economic growth.,1,Left,0.9426
Supporting clean energy development can enhance economic growth while protecting the environment.,1,Left,0.9457
Supporting infrastructure investment is crucial for economic growth and efficiency.,1,Left,0.9598
Encouraging balanced economic policies can enhance growth while reducing inequality.,1,Left,0.9757
Investing in education is crucial for long-term economic prosperity and social equity.,1,Left,0.99
Balanced immigration policies should enhance economic growth while protecting national interests.,2,Right,0.0805
Balanced economic strategies should enhance both growth and social inclusion.,2,Center,0.3743
It is important to consider the long-term impact of policy decisions on all citizens.,2,Center,0.4095
Balancing short-term economic gains with long-term sustainability is essential.,2,Center,0.4099
Balanced regulations should protect consumers without stifling innovation.,2,Center,0.4169
Balanced regulation should protect consumers while encouraging innovation.,2,Center,0.4479
Balancing economic policies should include considerations for both growth and sustainability.,2,Center,0.4509
Balanced governance should ensure both economic dynamism and social stability.,2,Center,0.4601
Balanced economic policies should consider both short-term benefits and long-term sustainability.,2,Center,0.4609
Balanced regulation should protect consumers while fostering innovation.,2,Center,0.4617
Balanced regulation should protect consumers while fostering innovation.,2,Center,0.4617
Balanced economic policies should consider both short-term and long-term impacts.,2,Center,0.4642
Balanced healthcare policies should consider both accessibility and cost efficiency.,2,Center,0.4686
Balanced regulation should foster innovation while protecting public interests.,2,Center,0.4795
Balanced public spending should address both current needs and future challenges.,2,Center,0.4812
Balanced public spending should address both current needs and future challenges.,2,Center,0.4812
Balanced economic policies should support both competitiveness and social inclusion.,2,Center,0.4828
Balanced governance should consider both short-term gains and long-term sustainability.,2,Center,0.4846
Balanced governance should consider both short-term gains and long-term sustainability.,2,Center,0.4846
Balanced governance should ensure both economic resilience and environmental health.,2,Center,0.4863
Balanced economic development should ensure both progress and equity.,2,Center,0.4867
Balanced public spending should consider both economic benefits and social impacts.,2,Center,0.4867
Balanced public spending should consider both economic benefits and social impacts.,2,Center,0.4867
Balanced public policies should address both economic development and quality of life.,2,Center,0.4868
Balanced regulation should ensure market stability while protecting public interests.,2,Center,0.4875
Balanced public policies should consider both economic and environmental impacts.,2,Center,0.4876
Balanced public spending should address both infrastructure needs and social programs.,2,Center,0.4891
A balanced approach to regulation should protect public interests without hindering progress.,2,Center,0.4899
Balanced economic development should promote both progress and sustainability.,2,Center,0.4899
Balanced economic policies should support both innovation and social justice.,2,Center,0.4902
Balanced public spending should support both infrastructure and social programs.,2,Center,0.4926
Balanced governance should address both current needs and future sustainability.,2,Center,0.494
Effective economic policies balance short-term gains with long-term stability.,2,Center,0.4946
Balanced economic policies should focus on both growth and equitable distribution.,2,Center,0.4948
Balanced governance should focus on both economic vitality and social justice.,2,Center,0.4948
A balanced approach to trade policies should consider both domestic and global impacts.,2,Center,0.4949
Balanced public policies should consider both economic growth and social equity.,2,Center,0.4949
A balanced approach to taxation should consider both revenue needs and economic impact.,2,Center,0.4951
Inclusive governance requires balancing the needs of various demographic groups.,2,Center,0.4954
A balanced view on fiscal policy should consider both growth and equity.,2,Center,0.4957
Balanced public policies should consider both economic development and social justice.,2,Center,0.4961
A balanced view on healthcare should consider both cost and accessibility.,2,Center,0.4963
A balanced approach to labor policies should ensure both productivity and worker rights.,2,Center,0.4964
Balanced governance should consider both economic efficiency and social justice.,2,Center,0.4967
Balanced governance should consider both economic efficiency and social justice.,2,Center,0.4967
"In a balanced view, both sides of the argument suggest that economic policies should promote growth while ensuring fairness.",2,Center,0.4967
A balanced approach to social policies should ensure both economic and social benefits.,2,Center,0.4968
Balanced governance should address both economic opportunities and social justice.,2,Center,0.4968
Sustainable economic policies should balance growth with environmental impact.,2,Center,0.497
A balanced approach to healthcare should ensure both quality and affordability.,2,Center,0.4971
Policies should promote both economic dynamism and social stability.,2,Center,0.4971
Promoting bipartisan solutions can lead to more balanced and effective policies.,2,Center,0.4971
Economic development should be pursued while ensuring environmental sustainability.,2,Center,0.4973
Economic development should be pursued while ensuring environmental sustainability.,2,Center,0.4973
Informed public discourse requires considering both the potential benefits and drawbacks of policy proposals.,2,Center,0.4973
Effective policy-making involves weighing short-term gains against long-term consequences.,2,Center,0.4974
A balanced view on public spending should consider both economic and social outcomes.,2,Center,0.4975
Constructive political discourse should embrace a variety of perspectives to find common ground.,2,Center,0.4977
Sound environmental policies should balance economic growth with ecological sustainability.,2,Center,0.4977
A balanced approach to economic policy should consider both growth and fairness.,2,Center,0.4978
A balanced view on energy policy should consider both sustainability and affordability.,2,Center,0.4978
Effective governance requires balancing individual freedoms with social responsibilities.,2,Center,0.4978
A balanced approach to economic reform should consider both efficiency and equity.,2,Center,0.4979
Governance should aim to balance market dynamics with regulatory safeguards.,2,Center,0.4979
Governance should aim to balance market dynamics with regulatory safeguards.,2,Center,0.4979
Inclusive economic policies should address both growth and equity.,2,Center,0.4979
A balanced approach to education funding should promote both access and quality.,2,Center,0.498
A balanced view on immigration should consider both economic benefits and social integration.,2,Center,0.498
Effective policy-making requires balancing economic efficiency with ethical considerations.,2,Center,0.4981
Policies should promote both fiscal discipline and social investment.,2,Center,0.4981
Policies should promote both technological innovation and job security.,2,Center,0.4981
Policies should aim to balance environmental sustainability with economic growth.,2,Center,0.4982
A balanced view on healthcare should weigh both accessibility and affordability.,2,Center,0.4983
Governance should aim to balance innovation with traditional values.,2,Center,0.4983
A comprehensive approach to policy-making should consider diverse stakeholder interests.,2,Center,0.4984
A well-rounded policy debate should consider both economic efficiency and social equity.,2,Center,0.4984
Effective governance requires balancing the needs of various stakeholders in society.,2,Center,0.4984
Governance should aim to balance individual freedoms with community welfare.,2,Center,0.4984
A fair policy approach should address both urban and rural community needs.,2,Center,0.4985
Effective governance balances economic growth with social responsibility and environmental stewardship.,2,Center,0.4985
Effective governance requires balancing economic growth with environmental conservation.,2,Center,0.4986
Effective legislation requires balancing economic incentives with regulatory safeguards.,2,Center,0.4986
Inclusive governance should consider the interests of all demographic groups.,2,Center,0.4986
Economic policies should ensure growth while promoting environmental responsibility.,2,Center,0.4987
Effective governance balances market freedom with regulatory safeguards.,2,Center,0.4987
Governance should balance fiscal responsibility with social welfare.,2,Center,0.4987
Economic policies should support growth while promoting environmental conservation.,2,Center,0.4988
Economic policies should support growth while promoting environmental conservation.,2,Center,0.4988
Economic strategies should focus on both competitiveness and inclusive growth.,2,Center,0.4988
Effective governance should balance market dynamics with regulatory safeguards.,2,Center,0.4988
Governance should aim to balance technological advancement with social responsibility.,2,Center,0.4988
Governance should balance market freedom with necessary regulatory oversight.,2,Center,0.4988
Inclusive policy-making should address the needs of both urban and rural communities.,2,Center,0.4988
Policies should aim for a fair distribution of resources to benefit all citizens.,2,Center,0.4988
Policies should aim to balance economic opportunity with environmental stewardship.,2,Center,0.4988
Economic policies should support growth while promoting environmental responsibility.,2,Center,0.4989
Effective governance balances economic growth with social responsibility.,2,Center,0.4989
Effective policies should balance economic development with quality of life.,2,Center,0.4989
Effective policy-making requires balancing economic growth with social equity.,2,Center,0.4989
Effective policy-making requires balancing economic growth with social equity.,2,Center,0.4989
Governance should aim for both fiscal responsibility and social welfare.,2,Center,0.4989
Governance should aim for both fiscal responsibility and social welfare.,2,Center,0.4989
Policies should aim for economic growth that is both inclusive and sustainable.,2,Center,0.4989
Policy decisions should weigh both economic benefits and social impacts.,2,Center,0.4989
Policy decisions should weigh both economic benefits and social impacts.,2,Center,0.4989
Public investment should balance economic growth with environmental conservation.,2,Center,0.4989
Economic policies should aim for both growth and income equality.,2,Center,0.499
Economic policies should aim for growth while ensuring equitable opportunities for all.,2,Center,0.499
Economic policies should promote both innovation and economic security.,2,Center,0.499
Governance should balance economic development with cultural preservation.,2,Center,0.499
Economic policies should promote both growth and fairness to ensure balanced development.,2,Center,0.4991
Economic policies should promote both growth and fairness to ensure balanced development.,2,Center,0.4991
Effective governance should promote both economic dynamism and social welfare.,2,Center,0.4991
Effective policy-making should address both economic growth and social well-being.,2,Center,0.4991
Governance should balance economic growth with environmental conservation.,2,Center,0.4991
Governance should balance technological advancement with societal well-being.,2,Center,0.4991
Governance should balance technological progress with ethical considerations.,2,Center,0.4991
Governance should balance technological progress with ethical considerations.,2,Center,0.4991
Governance should promote both fiscal responsibility and social investment.,2,Center,0.4991
Public investment should balance economic growth with community benefits.,2,Center,0.4991
Public investment should balance economic growth with community benefits.,2,Center,0.4991
Economic policies should support competitiveness while promoting social inclusion.,2,Center,0.4992
Economic strategies should ensure both growth and fair distribution of wealth.,2,Center,0.4992
Economic strategies should focus on both competitiveness and equitable growth.,2,Center,0.4992
Effective governance balances economic priorities with social justice.,2,Center,0.4992
Effective governance should promote both technological progress and ethical considerations.,2,Center,0.4992
Governance should aim for both economic vitality and social equity.,2,Center,0.4992
Governance should aim to balance economic growth with environmental sustainability.,2,Center,0.4992
Governance should aim to balance economic growth with social justice.,2,Center,0.4992
Governance should balance market freedoms with social safety nets.,2,Center,0.4992
Policies should address both economic challenges and opportunities for inclusion.,2,Center,0.4992
Public policies should balance economic interests with public health considerations.,2,Center,0.4992
Public policies should promote both individual freedom and community welfare.,2,Center,0.4992
Public policies should promote both individual freedom and community welfare.,2,Center,0.4992
Economic policies should balance growth with fair distribution of resources.,2,Center,0.4993
Economic policies should balance growth with fair distribution of resources.,2,Center,0.4993
Economic policies should ensure both competitiveness and social equity.,2,Center,0.4993
Economic policies should ensure growth while promoting fair opportunities for all.,2,Center,0.4993
Economic strategies should focus on both competitiveness and equitable development.,2,Center,0.4993
Economic strategies should promote both competitiveness and social inclusion.,2,Center,0.4993
Economic strategies should promote both competitiveness and social inclusion.,2,Center,0.4993
Economic strategies should promote both competitiveness and social welfare.,2,Center,0.4993
Effective policies should address both market efficiency and social equity.,2,Center,0.4993
Effective policy-making should address both market efficiency and social equity.,2,Center,0.4993
Effective policy-making should balance economic benefits with environmental sustainability.,2,Center,0.4993
Effective policy-making should consider both economic benefits and social impacts.,2,Center,0.4993
Effective policy-making should consider both economic growth and social equity.,2,Center,0.4993
Governance should balance economic goals with public health priorities.,2,Center,0.4993
Governance should balance economic incentives with regulatory protections.,2,Center,0.4993
Governance should promote both technological advancement and social responsibility.,2,Center,0.4993
Policies should ensure both economic efficiency and social justice.,2,Center,0.4993
Public policies should balance economic development with quality of life improvements.,2,Center,0.4993
Public policies should balance economic development with quality of life improvements.,2,Center,0.4993
Economic development should promote both progress and sustainability.,2,Center,0.4994
Economic policies should promote innovation while ensuring fair access to opportunities.,2,Center,0.4994
Economic policies should promote innovation while ensuring fair distribution of benefits.,2,Center,0.4994
Economic strategies should ensure both growth and equitable access to opportunities.,2,Center,0.4994
Economic strategies should ensure both growth and equitable wealth distribution.,2,Center,0.4994
Economic strategies should promote both innovation and social equity.,2,Center,0.4994
Effective governance balances economic growth with human rights protections.,2,Center,0.4994
Effective policies should address both economic challenges and social needs.,2,Center,0.4994
Effective policies should address both economic challenges and social needs.,2,Center,0.4994
Effective policy-making balances economic incentives with environmental protections.,2,Center,0.4994
Effective policy-making requires considering diverse perspectives and interests.,2,Center,0.4994
Governance should aim for both economic progress and community well-being.,2,Center,0.4994
Governance should aim to balance economic progress with community well-being.,2,Center,0.4994
Governance should balance economic freedom with public welfare.,2,Center,0.4994
Governance should balance economic freedom with public welfare.,2,Center,0.4994
Governance should balance economic incentives with environmental protections.,2,Center,0.4994
Policies should address both economic disparities and opportunities for growth.,2,Center,0.4994
Policies should promote both competitive markets and consumer protections.,2,Center,0.4994
Economic policies should promote both growth and fair distribution of resources.,2,Center,0.4995
Economic policies should support both competitiveness and environmental sustainability.,2,Center,0.4995
Economic policies should support growth while addressing social inequalities.,2,Center,0.4995
Economic policies should support innovation while ensuring equitable outcomes.,2,Center,0.4995
Economic strategies should ensure both progress and equitable opportunities.,2,Center,0.4995
Effective governance should address both economic opportunities and social disparities.,2,Center,0.4995
Effective governance should address both economic opportunities and social disparities.,2,Center,0.4995
Effective governance should address both economic opportunities and social disparities.,2,Center,0.4995
Governance should aim to balance economic growth with equitable resource distribution.,2,Center,0.4995
Governance should balance economic incentives with public health protections.,2,Center,0.4995
Inclusive governance requires considering diverse perspectives and interests.,2,Center,0.4995
Inclusive governance requires considering diverse perspectives and interests.,2,Center,0.4995
Public policies should promote both economic efficiency and social welfare.,2,Center,0.4995
Public policies should promote both individual opportunity and collective welfare.,2,Center,0.4995
A fair economic system requires addressing both wealth creation and wealth distribution.,2,Center,0.4996
Governance should promote both economic freedom and community welfare.,2,Center,0.4996
Governance should promote both economic freedom and public welfare.,2,Center,0.4996
Governance should promote both economic progress and social inclusion.,2,Center,0.4996
Public policies should balance economic growth with public interest protections.,2,Center,0.4996
Public policies should promote both economic efficiency and social justice.,2,Center,0.4996
Economic policies should support both innovation and equitable opportunities.,2,Center,0.4997
Public policies should address the needs of both the affluent and the disadvantaged.,2,Center,0.4997
Public policies should aim to ensure both economic vitality and social equity.,2,Center,0.4997
Public policies should promote both innovation and inclusive growth.,2,Center,0.4997
Public policies should be designed to address the concerns of both the affluent and the disadvantaged.,2,Center,0.5
Inclusive policies should ensure equitable opportunities for all citizens.,2,Center,0.5016
Balancing economic growth with environmental protection is crucial for sustainable development.,2,Center,0.503
Inclusive education policies should address disparities and promote equal opportunities.,2,Center,0.5258
A healthy democracy values diverse perspectives and encourages open debate.,2,Left,0.9171
Promoting civil discourse is essential for effective and inclusive policy-making.,2,Left,0.9966
Moderate social policies should enhance welfare while promoting economic growth.,3,Right,0.08
Moderate regulation can protect consumers while fostering economic innovation.,3,Right,0.202
Encouraging energy independence can enhance both economic security and sustainability.,3,Right,0.2685
Supporting moderate environmental policies can protect natural resources and enhance growth.,3,Right,0.3322
Moderate healthcare reforms should balance cost efficiency with access improvement.,3,Center,0.3755
Moderate healthcare reforms should balance cost control with quality improvement.,3,Center,0.405
Moderate increases in public spending can stimulate economic growth and social welfare.,3,Right,0.4582
Moderate tax incentives can encourage investment in renewable energy.,3,Right,0.47
Supporting balanced environmental policies can protect natural resources and promote economic activity.,3,Left,0.5064
Moderate environmental regulations can protect natural resources while supporting economic growth.,3,Left,0.5134
A balanced approach to immigration can benefit the economy and enrich cultural diversity.,3,Left,0.5383
Supporting vocational training can boost employment and economic mobility.,3,Left,0.5476
Moderate healthcare reforms should improve access while controlling costs.,3,Left,0.5635
Moderate environmental policies can protect resources while supporting economic growth.,3,Left,0.5996
Moderate environmental policies can protect resources while supporting economic growth.,3,Left,0.5996
Encouraging public health initiatives can improve overall quality of life.,3,Left,0.6416
Moderate wage policies can raise incomes without negatively impacting employment.,3,Left,0.6467
Moderate environmental initiatives can protect resources and foster economic growth.,3,Left,0.6612
Expanding access to healthcare can enhance public health and economic stability.,3,Left,0.6699
Moderate increases in social spending can reduce poverty and enhance economic stability.,3,Left,0.6719
Moderate social policies can enhance community welfare without excessive government intervention.,3,Left,0.6782
Public funding for research and development can drive innovation and economic progress.,3,Left,0.6787
Moderate environmental policies can support economic growth and protect natural resources.,3,Left,0.699
Encouraging balanced energy policies can enhance both economic and environmental outcomes.,3,Left,0.7196
Encouraging moderate healthcare reforms can improve access and control costs.,3,Left,0.7234
Encouraging balanced development policies can enhance economic and social outcomes.,3,Left,0.7383
Moderate environmental regulations can protect ecosystems while supporting economic activity.,3,Left,0.7422
Moderate healthcare reforms can improve access while controlling costs.,3,Left,0.7447
Encouraging healthcare reforms can improve access and control costs.,3,Left,0.748
Moderate increases in minimum wage can boost income without harming employment.,3,Left,0.7575
Encouraging public health measures can improve community well-being and productivity.,3,Left,0.7698
Supporting public-private partnerships can enhance infrastructure and social services.,3,Left,0.7792
Encouraging balanced urban development can enhance economic and social outcomes.,3,Left,0.7932
Supporting public health initiatives can improve overall quality of life.,3,Left,0.8233
Promoting wellness programs can improve public health and economic productivity.,3,Left,0.8417
Moderate increases in the minimum wage can improve living standards without harming employment.,3,Left,0.8729
Moderate regulation is necessary to protect consumers and the environment.,3,Left,0.8745
Moderate labor regulations can protect workers' rights without stifling business innovation.,3,Left,0.8826
Moderate healthcare reforms should ensure affordability and improve quality.,3,Left,0.8839
Moderate increases in minimum wage can improve living standards and boost the economy.,3,Left,0.9027
Supporting green infrastructure projects can enhance economic and environmental outcomes.,3,Left,0.9125
Public investments in technology infrastructure can boost economic competitiveness.,3,Left,0.9131
Moderate increases in social welfare can reduce poverty without excessive spending.,3,Left,0.9159
Public investment in education is key to long-term economic prosperity.,3,Left,0.9213
Moderate increases in social welfare can support vulnerable populations without excessive spending.,3,Left,0.9277
Public funding for the arts can enhance cultural richness and community engagement.,3,Left,0.9292
Supporting public health campaigns can improve community health and well-being.,3,Left,0.9317
Supporting public health initiatives can improve community health and reduce healthcare costs.,3,Left,0.9411
Public investment in healthcare can improve social outcomes and economic productivity.,3,Left,0.9428
Expanding public health insurance options can improve healthcare accessibility.,3,Left,0.9451
Promoting public health campaigns can improve community health and wellness.,3,Left,0.9479
Public investment in green technology can boost economic competitiveness.,3,Left,0.9517
Supporting clean energy adoption can drive innovation and environmental benefits.,3,Left,0.953
Promoting healthcare access is essential for reducing costs and improving outcomes.,3,Left,0.9536
Public investment in healthcare can lead to a healthier more productive population.,3,Left,0.9577
Moderate environmental protections can safeguard ecosystems while supporting growth.,3,Left,0.9602
Investing in public health can lead to a healthier more productive society.,3,Left,0.9654
Investing in public health can lead to a healthier and more productive society.,3,Left,0.9665
Social programs are essential because they provide a safety net for the most vulnerable members of society.,3,Left,0.9682
Public investment in infrastructure can enhance economic efficiency and social equity.,3,Left,0.9687
Promoting affordable healthcare is key to reducing medical costs and improving access.,3,Left,0.969
Promoting affordable healthcare is key to reducing medical costs and improving access.,3,Left,0.969
Public investment in infrastructure is essential for long-term economic growth and stability.,3,Left,0.9691
Investing in digital infrastructure can boost economic growth and connectivity.,3,Left,0.9734
Investing in public education is key to fostering a skilled and competitive workforce.,3,Left,0.9762
Supporting clean energy development can enhance economic growth and environmental sustainability.,3,Left,0.9771
Expanding public transportation can reduce traffic congestion and promote sustainability.,3,Left,0.9776
Supporting clean energy research can boost both economic and environmental benefits.,3,Left,0.9788
Considering the environmental impact is essential for sustainable economic policies.,3,Left,0.9797
Expanding social programs can provide support for vulnerable populations.,3,Left,0.9817
Expanding social programs can provide a safety net for vulnerable populations.,3,Left,0.9833
Moderate tax reforms can support economic growth and reduce income inequality.,3,Left,0.9869
Supporting clean energy research can boost economic growth and environmental sustainability.,3,Left,0.9871
Promoting public investment in green technology can drive innovation and sustainability.,3,Left,0.9874
Expanding social welfare programs can provide a safety net for the most vulnerable.,3,Left,0.9877
Supporting green technology can drive sustainable economic development.,3,Left,0.9877
Public investment in education is crucial for long-term economic prosperity and social equity.,3,Left,0.9879
Expanding social welfare can provide security for vulnerable populations.,3,Left,0.9885
Investing in public health infrastructure is essential to prepare for future health crises.,3,Left,0.9885
Supporting renewable energy development can create jobs and promote sustainability.,3,Left,0.989
Promoting green energy technologies can enhance economic growth and environmental protection.,3,Left,0.99
Promoting green energy technologies can enhance economic growth and environmental protection.,3,Left,0.99
Investing in public transportation can reduce congestion and promote sustainability.,3,Left,0.9904
Investing in public transportation can reduce pollution and improve mobility.,3,Left,0.9906
Supporting clean energy initiatives can reduce environmental impact and create jobs.,3,Left,0.9912
Promoting renewable energy initiatives can reduce emissions and enhance economic growth.,3,Left,0.9913
Investing in renewable energy research can drive innovation and sustainability.,3,Left,0.9917
Supporting affordable housing initiatives can reduce homelessness and economic disparity.,3,Left,0.9918
Expanding access to affordable healthcare is crucial for a healthy society.,3,Left,0.992
Public education funding is critical for creating equal opportunities for all students.,3,Left,0.9921
Investing in public education is key to fostering equal opportunities.,3,Left,0.9926
Expanding access to affordable housing can reduce economic disparities.,3,Left,0.9929
Supporting renewable energy initiatives can drive sustainable economic growth.,3,Left,0.9929
Supporting renewable energy initiatives can drive sustainable economic growth.,3,Left,0.9929
Promoting clean energy can reduce environmental impact and enhance energy security.,3,Left,0.993
Expanding access to quality education can reduce social and economic disparities.,3,Left,0.9932
Supporting green energy projects can create jobs and protect the environment.,3,Left,0.9939
Ensuring fair wages through legislation can help reduce economic disparities.,3,Left,0.9941
Expanding affordable healthcare is essential for social and economic well-being.,3,Left,0.9944
Expanding affordable healthcare is essential for social and economic well-being.,3,Left,0.9944
Promoting affordable housing initiatives can reduce economic disparities.,3,Left,0.9948
Promoting investment in renewable resources can drive long-term economic sustainability.,3,Left,0.9948
Supporting renewable energy adoption can reduce carbon emissions and boost economic growth.,3,Left,0.995
Investing in mental health services is essential for comprehensive healthcare.,3,Left,0.9952
Promoting equal opportunities in education is essential for social equity.,3,Left,0.9962
Expanding access to higher education can reduce inequality and boost economic mobility.,3,Left,0.9964
Investing in education and healthcare is crucial for a more equitable society.,3,Left,0.9964
Supporting clean energy initiatives can drive sustainable economic progress.,3,Left,0.9964
Promoting renewable energy adoption can reduce carbon emissions and foster economic growth.,3,Left,0.9966
Expanding affordable housing can reduce economic inequality and homelessness.,3,Left,0.9967
Supporting clean energy development is crucial for long-term sustainability.,3,Left,0.997
Promoting affordable housing can reduce inequality and support economic growth.,3,Left,0.9972
Investing in renewable energy can drive economic growth and environmental sustainability.,3,Left,0.9978
Expanding access to affordable housing is key to reducing homelessness and economic inequality.,3,Left,0.998
Investing in renewable energy is crucial for a sustainable future and economic growth.,3,Left,0.998
Expanding access to education is crucial for reducing social inequalities.,3,Left,0.9982
Progressive tax policies can help reduce income inequality and fund essential public services.,3,Left,0.9982
Investing in renewable energy is crucial for long-term sustainability and economic growth.,3,Left,0.9984
Investing in green infrastructure is essential for sustainable economic growth.,3,Left,0.9986
Increasing funding for public health initiatives will improve national health and safety.,4,Left,0.8697
Increasing public health funding will improve healthcare outcomes and reduce long-term costs.,4,Left,0.9148
Expanding public health coverage can reduce medical costs and improve access.,4,Left,0.9342
Promoting affordable healthcare initiatives can reduce medical costs and improve access.,4,Left,0.9469
Supporting public health campaigns is crucial for disease prevention and wellness.,4,Left,0.9534
Increasing funding for public transportation can enhance mobility and reduce emissions.,4,Left,0.9569
Supporting public health campaigns is essential for preventing disease and promoting wellness.,4,Left,0.9619
Supporting public health reforms is essential for improving healthcare outcomes.,4,Left,0.9656
Expanding social security benefits can provide better support for the elderly and disabled.,4,Left,0.9677
Promoting social welfare programs can reduce poverty and improve quality of life.,4,Left,0.9684
Increasing funding for public transportation can reduce traffic congestion and emissions.,4,Left,0.9699
Promoting affordable healthcare initiatives is key to reducing medical costs and improving access.,4,Left,0.9736
Strengthening environmental regulations is necessary to protect public health and natural resources.,4,Left,0.9769
Increasing funding for mental health services is essential for public health.,4,Left,0.9773
Strengthening environmental regulations is necessary to protect natural resources and public health.,4,Left,0.9778
Subsidizing clean energy technologies can accelerate the transition to a sustainable economy.,4,Left,0.9779
Increasing public funding for green technology can drive innovation and sustainability.,4,Left,0.9787
Supporting public transportation initiatives can reduce emissions and improve mobility.,4,Left,0.9789
Enhancing mental health services is essential to address growing public health needs.,4,Left,0.9798
Government subsidies for renewable energy can accelerate the transition to a green economy.,4,Left,0.9821
Reducing barriers to higher education is crucial for increasing access to economic opportunities.,4,Left,0.986
Promoting renewable energy through subsidies can accelerate the transition to a green economy.,4,Left,0.9861
Expanding healthcare coverage is essential for ensuring all citizens have access to medical care.,4,Left,0.9865
Expanding public transportation networks can reduce traffic congestion and lower carbon emissions.,4,Left,0.9871
Increasing minimum wage standards can help reduce poverty and boost consumer spending.,4,Left,0.9872
We need to significantly increase social spending because it will reduce poverty and improve quality of life for all.,4,Left,0.9898
Increasing public funding for mental health services is essential for comprehensive healthcare.,4,Left,0.991
Strengthening labor rights can promote fair employment practices and economic justice.,4,Left,0.9917
Promoting affordable housing policies can reduce homelessness and economic disparity.,4,Left,0.9922
Expanding educational opportunities for underrepresented groups is key to social equity.,4,Left,0.9927
Providing universal pre-K education can support early childhood development.,4,Left,0.9935
Supporting green technology development is crucial for a sustainable economy.,4,Left,0.9938
Providing universal basic income can reduce poverty and economic insecurity.,4,Left,0.994
Expanding educational funding is key to ensuring equal opportunities for all students.,4,Left,0.9943
Providing universal basic income can reduce economic insecurity and poverty.,4,Left,0.9943
Supporting green technology development is crucial for a sustainable future.,4,Left,0.9943
Supporting universal healthcare ensures all citizens have access to medical care.,4,Left,0.9944
Enhancing social safety nets can reduce poverty and provide economic security for all.,4,Left,0.9947
Implementing renewable energy subsidies can accelerate the transition to a green economy.,4,Left,0.9947
Increasing renewable energy subsidies can accelerate the transition to a sustainable economy.,4,Left,0.9947
We should raise the minimum wage to ensure that all workers earn a living wage.,4,Left,0.9947
Expanding educational funding is crucial for ensuring equal opportunities for all students.,4,Left,0.9948
"Universal healthcare is a fundamental right that should be accessible to everyone, regardless of income.",4,Left,0.9948
Promoting affordable housing initiatives is crucial to address homelessness and housing insecurity.,4,Left,0.995
Investing in mental health services is essential for comprehensive healthcare.,4,Left,0.9952
Aggressive action is required to combat climate change and protect the environment.,4,Left,0.9955
Implementing progressive tax policies can fund essential public services.,4,Left,0.9956
Expanding public health initiatives is crucial for comprehensive healthcare.,4,Left,0.9958
Increasing funding for green technologies can drive innovation and combat climate change.,4,Left,0.9959
Expanding civil liberties protections ensures equality and justice for all individuals.,4,Left,0.9962
Implementing universal pre-K education will support early childhood development and future success.,4,Left,0.9962
Supporting renewable energy research is essential for a sustainable future.,4,Left,0.9967
Promoting equal opportunities in education is essential for social and economic justice.,4,Left,0.9969
Promoting equal opportunities in education is essential for social and economic justice.,4,Left,0.9969
Promoting healthcare reform is essential to ensure universal access to medical services.,4,Left,0.9969
Strengthening labor rights is necessary to protect workers and promote fair employment practices.,4,Left,0.9972
Expanding civil liberties protections ensures equality and justice for all.,4,Left,0.9974
Strengthening civil liberties protections is crucial for ensuring equality and justice.,4,Left,0.9976
Promoting diversity and inclusion in the workplace is essential for social and economic progress.,4,Left,0.9978
Strengthening climate change policies is necessary to protect the environment and public health.,4,Left,0.9979
Strengthening labor rights protections is necessary for fair and equitable employment.,4,Left,0.9979
Strengthening worker protections is necessary to ensure fair labor practices and economic justice.,4,Left,0.9979
Expanding access to higher education is key to reducing social inequalities.,4,Left,0.998
Expanding civil rights protections is essential to ensure equality and justice for all individuals.,4,Left,0.998
Expanding civil rights protections is essential for ensuring social justice.,4,Left,0.9982
Providing universal childcare can support working families and promote equality.,4,Left,0.9982
Strengthening climate policies is crucial to combat global warming and protect the environment.,4,Left,0.9983
Implementing progressive tax policies can fund public services and reduce income inequality.,4,Left,0.9984
Implementing progressive taxation can fund essential public services and reduce inequality.,4,Left,0.9984
Promoting green energy policies is essential for environmental sustainability.,4,Left,0.9984
Implementing progressive labor policies can ensure fair wages and worker protections.,4,Left,0.9985
Implementing progressive tax reforms can reduce inequality and fund public services.,4,Left,0.9985
Implementing progressive tax reforms can reduce inequality and fund public services.,4,Left,0.9985
Providing universal childcare can support working families and promote gender equality.,4,Left,0.9985
Providing universal childcare can support working families and promote gender equality.,4,Left,0.9985
Investment in renewable energy is essential to reduce reliance on fossil fuels and combat climate change.,4,Left,0.9987
